sellerid,OPS status
"{""sellerId"":""p7722H83866017""}",Success
"{""sellerId"":""p0919M83867426""}",Success
"{""sellerId"":""18283975968""}",Success
"{""sellerId"":""10083974003""}",Success
"{""sellerId"":""19083935686""}",Success
"{""sellerId"":""18583959937""}",Success
"{""sellerId"":""12383934343""}",Success
"{""sellerId"":""18583931364""}",Success
"{""sellerId"":""19883877756""}",Success
"{""sellerId"":""19183932294""}",Success
"{""sellerId"":""10483905481""}",Success
"{""sellerId"":""13783855079""}",Success
"{""sellerId"":""16083858993""}",Success
"{""sellerId"":""11083857049""}",Success
"{""sellerId"":""12983856835""}",Success
"{""sellerId"":""13583894097""}",Success
"{""sellerId"":""14583885604""}",Success
"{""sellerId"":""14683880232""}",Success
"{""sellerId"":""16583868840""}",Success
"{""sellerId"":""17683847866""}",Success
"{""sellerId"":""19583848126""}",Success
"{""sellerId"":""19583850700""}",Success
"{""sellerId"":""19883855797""}",Success
"{""sellerId"":""p9976D83859829""}",Success
"{""sellerId"":""19983906212""}",Success
"{""sellerId"":""12483851296""}",Success
"{""sellerId"":""16083854356""}",Success
"{""sellerId"":""19583895558""}",Success
"{""sellerId"":""16383854740""}",Success
"{""sellerId"":""19522998634""}",Success
"{""sellerId"":""56368513""}",Success
"{""sellerId"":""11883853057""}",Success
"{""sellerId"":""13383855760""}",Success
"{""sellerId"":""14383876687""}",Success
"{""sellerId"":""16483874465""}",Success
"{""sellerId"":""16683882456""}",Success
"{""sellerId"":""19183869447""}",Success
"{""sellerId"":""10183869116""}",Success
"{""sellerId"":""13783854688""}",Success
"{""sellerId"":""17883876205""}",Success
"{""sellerId"":""18183874744""}",Success
"{""sellerId"":""16583870686""}",Success
"{""sellerId"":""16083882831""}",Success
"{""sellerId"":""12683877139""}",Success
"{""sellerId"":""18783860583""}",Success
"{""sellerId"":""11983891273""}",Success
"{""sellerId"":""04583856775""}",Success
"{""sellerId"":""12183880487""}",Success
"{""sellerId"":""17783853733""}",Success
"{""sellerId"":""18083853227""}",Success
"{""sellerId"":""16183883293""}",Success
"{""sellerId"":""11183943724""}",Success
"{""sellerId"":""13883877697""}",Success
"{""sellerId"":""19183876768""}",Success
"{""sellerId"":""14083873214""}",Success
"{""sellerId"":""16683879972""}",Success
"{""sellerId"":""18983878805""}",Success
"{""sellerId"":""00350039951""}",Success
"{""sellerId"":""15883872853""}",Success
"{""sellerId"":""14183870685""}",Success
"{""sellerId"":""10083860716""}",Success
"{""sellerId"":""11483856782""}",Success
"{""sellerId"":""19583862223""}",Success
"{""sellerId"":""10465001805""}",Success
"{""sellerId"":""13583871022""}",Success
"{""sellerId"":""10083846540""}",Success
"{""sellerId"":""14583906613""}",Success
"{""sellerId"":""16983897256""}",Success
"{""sellerId"":""16883868794""}",Success
"{""sellerId"":""19983887237""}",Success
"{""sellerId"":""11583859929""}",Success
"{""sellerId"":""19483836350""}",Success
"{""sellerId"":""17383877796""}",Success
"{""sellerId"":""19183870290""}",Success
"{""sellerId"":""15383887099""}",Success
"{""sellerId"":""67248932""}",Success
"{""sellerId"":""10w35k""}",Success
"{""sellerId"":""12383849916""}",Success
"{""sellerId"":""14483852359""}",Success
"{""sellerId"":""17483875605""}",Success
"{""sellerId"":""11883880013""}",Success
"{""sellerId"":""15083864958""}",Success
"{""sellerId"":""18883851474""}",Success
"{""sellerId"":""18283865476""}",Success
"{""sellerId"":""15783864201""}",Success
"{""sellerId"":""18283848058""}",Success
"{""sellerId"":""14583848210""}",Success
"{""sellerId"":""10383850520""}",Success
"{""sellerId"":""10183852794""}",Success
"{""sellerId"":""16483905205""}",Success
"{""sellerId"":""p9709C83864106""}",Success
"{""sellerId"":""12383850922""}",Success
"{""sellerId"":""15683851306""}",Success
"{""sellerId"":""19683846447""}",Success
"{""sellerId"":""14283850189""}",Success
"{""sellerId"":""17183894258""}",Success
"{""sellerId"":""15883852425""}",Success
"{""sellerId"":""18583870321""}",Success
"{""sellerId"":""11383855067""}",Success
"{""sellerId"":""13683848022""}",Success
"{""sellerId"":""17783852291""}",Success
"{""sellerId"":""10xr13""}",Success
"{""sellerId"":""18483865111""}",Success
"{""sellerId"":""14683850288""}",Success
"{""sellerId"":""15883872981""}",Success
"{""sellerId"":""12683913766""}",Success
"{""sellerId"":""19783873362""}",Success
"{""sellerId"":""12183888233""}",Success
"{""sellerId"":""18883885104""}",Success
"{""sellerId"":""83862152""}",Success
"{""sellerId"":""10lxhk""}",Success
"{""sellerId"":""19483878717""}",Success
"{""sellerId"":""14283856855""}",Success
"{""sellerId"":""18083852328""}",Success
"{""sellerId"":""19983850352""}",Success
"{""sellerId"":""12383849820""}",Success
"{""sellerId"":""17983880386""}",Success
"{""sellerId"":""18283874382""}",Success
"{""sellerId"":""p5899A83867127""}",Success
"{""sellerId"":""57369341""}",Success
"{""sellerId"":""83176234""}",Success
"{""sellerId"":""83857125""}",Success
"{""sellerId"":""83868825""}",Success
"{""sellerId"":""83869754""}",Success
"{""sellerId"":""13183870586""}",Success
"{""sellerId"":""18383865335""}",Success
"{""sellerId"":""10iv86""}",Success
"{""sellerId"":""10kzhm""}",Success
"{""sellerId"":""10m5qj""}",Success
"{""sellerId"":""10s0lf""}",Success
"{""sellerId"":""10yb4s""}",Success
"{""sellerId"":""83872061""}",Success
"{""sellerId"":""10id4a""}",Success
"{""sellerId"":""18759147123""}",Success
"{""sellerId"":""10283890325""}",Success
"{""sellerId"":""16583919486""}",Success
"{""sellerId"":""18283922307""}",Success
"{""sellerId"":""16983861678""}",Success
"{""sellerId"":""12483887055""}",Success
"{""sellerId"":""14483852074""}",Success
"{""sellerId"":""16183870821""}",Success
"{""sellerId"":""16683864840""}",Success
"{""sellerId"":""16783925392""}",Success
"{""sellerId"":""17883900224""}",Success
"{""sellerId"":""19483850850""}",Success
"{""sellerId"":""17083889707""}",Success
"{""sellerId"":""83865710""}",Success
"{""sellerId"":""10howw""}",Success
"{""sellerId"":""11179242539""}",Success
"{""sellerId"":""11583857217""}",Success
"{""sellerId"":""11683875976""}",Success
"{""sellerId"":""16383900936""}",Success
"{""sellerId"":""19183855812""}",Success
"{""sellerId"":""p2428C83867182""}",Success
"{""sellerId"":""14983851941""}",Success
"{""sellerId"":""15683870669""}",Success
"{""sellerId"":""18883848787""}",Success
"{""sellerId"":""83865969""}",Success
"{""sellerId"":""10jol9""}",Success
"{""sellerId"":""10183857237""}",Success
"{""sellerId"":""83864168""}",Success
"{""sellerId"":""10huo9""}",Success
"{""sellerId"":""10883878734""}",Success
"{""sellerId"":""12483895328""}",Success
"{""sellerId"":""12783895764""}",Success
"{""sellerId"":""16083858202""}",Success
"{""sellerId"":""13683856620""}",Success
"{""sellerId"":""16083895250""}",Success
"{""sellerId"":""13983847971""}",Success
"{""sellerId"":""10683847877""}",Success
"{""sellerId"":""16483917109""}",Success
"{""sellerId"":""12683891785""}",Success
"{""sellerId"":""19283868888""}",Success
"{""sellerId"":""08583854011""}",Success
"{""sellerId"":""11383859466""}",Success
"{""sellerId"":""11983910302""}",Success
"{""sellerId"":""15083850518""}",Success
"{""sellerId"":""13383896394""}",Success
"{""sellerId"":""18783916185""}",Success
"{""sellerId"":""14583893075""}",Success
"{""sellerId"":""15083928359""}",Success
"{""sellerId"":""19383899367""}",Success
"{""sellerId"":""13283877194""}",Success
"{""sellerId"":""17383876280""}",Success
"{""sellerId"":""17783889622""}",Success
"{""sellerId"":""17283864278""}",Success
"{""sellerId"":""16483858628""}",Success
"{""sellerId"":""11583864168""}",Success
"{""sellerId"":""13083868424""}",Success
"{""sellerId"":""13165324240""}",Success
"{""sellerId"":""13283876286""}",Success
"{""sellerId"":""13776275814""}",Success
"{""sellerId"":""14083885419""}",Success
"{""sellerId"":""15183887868""}",Success
"{""sellerId"":""15483850991""}",Success
"{""sellerId"":""15783858376""}",Success
"{""sellerId"":""16683894311""}",Success
"{""sellerId"":""16883889787""}",Success
"{""sellerId"":""17583880866""}",Success
"{""sellerId"":""17783899846""}",Success
"{""sellerId"":""18083865751""}",Success
"{""sellerId"":""18612867538""}",Success
"{""sellerId"":""19183849542""}",Success
"{""sellerId"":""19483854233""}",Success
"{""sellerId"":""10583868328""}",Success
"{""sellerId"":""10817230102""}",Success
"{""sellerId"":""11183868473""}",Success
"{""sellerId"":""11783893821""}",Success
"{""sellerId"":""12383859508""}",Success
"{""sellerId"":""12383894914""}",Success
"{""sellerId"":""12483879952""}",Success
"{""sellerId"":""13083877398""}",Success
"{""sellerId"":""13183857833""}",Success
"{""sellerId"":""13183877140""}",Success
"{""sellerId"":""13970383200""}",Success
"{""sellerId"":""14183850728""}",Success
"{""sellerId"":""14383890593""}",Success
"{""sellerId"":""15583876644""}",Success
"{""sellerId"":""16183917315""}",Success
"{""sellerId"":""16683887533""}",Success
"{""sellerId"":""17183852117""}",Success
"{""sellerId"":""17483869512""}",Success
"{""sellerId"":""17883867797""}",Success
"{""sellerId"":""17883889668""}",Success
"{""sellerId"":""18083860663""}",Success
"{""sellerId"":""18383880362""}",Success
"{""sellerId"":""18463565121""}",Success
"{""sellerId"":""18583870678""}",Success
"{""sellerId"":""18683862641""}",Success
"{""sellerId"":""19183881191""}",Success
"{""sellerId"":""p3943D81280983""}",Success
"{""sellerId"":""17983887514""}",Success
"{""sellerId"":""11783851465""}",Success
"{""sellerId"":""09483860820""}",Success
"{""sellerId"":""16983882403""}",Success
"{""sellerId"":""16783872044""}",Success
"{""sellerId"":""11983922568""}",Success
"{""sellerId"":""13183865220""}",Success
"{""sellerId"":""11683908218""}",Success
"{""sellerId"":""83870441""}",Success
"{""sellerId"":""10k7ut""}",Success
"{""sellerId"":""14083859516""}",Success
"{""sellerId"":""11083870666""}",Success
"{""sellerId"":""10483852841""}",Success
"{""sellerId"":""18483851669""}",Success
"{""sellerId"":""16879420461""}",Success
"{""sellerId"":""11483848882""}",Success
"{""sellerId"":""15383887367""}",Success
"{""sellerId"":""15483858221""}",Success
"{""sellerId"":""18383885745""}",Success
"{""sellerId"":""16283850997""}",Success
"{""sellerId"":""15183891891""}",Success
"{""sellerId"":""13339195681""}",Success
"{""sellerId"":""11183900754""}",Success
"{""sellerId"":""14983878515""}",Success
"{""sellerId"":""10483870249""}",Success
"{""sellerId"":""15883854986""}",Success
"{""sellerId"":""13783888799""}",Success
"{""sellerId"":""11083881506""}",Success
"{""sellerId"":""14883860894""}",Success
"{""sellerId"":""18683849571""}",Success
"{""sellerId"":""11883871570""}",Success
"{""sellerId"":""10883860570""}",Success
"{""sellerId"":""12583849639""}",Success
"{""sellerId"":""11783848730""}",Success
"{""sellerId"":""83867161""}",Success
"{""sellerId"":""10kfwq""}",Success
"{""sellerId"":""83863102""}",Success
"{""sellerId"":""10if69""}",Success
"{""sellerId"":""83864203""}",Success
"{""sellerId"":""10ib2t""}",Success
"{""sellerId"":""83866016""}",Success
"{""sellerId"":""10j6qy""}",Success
"{""sellerId"":""83868535""}",Success
"{""sellerId"":""10ue0q""}",Success
"{""sellerId"":""83866025""}",Success
"{""sellerId"":""10hfkh""}",Success
"{""sellerId"":""83870928""}",Success
"{""sellerId"":""10iu1n""}",Success
"{""sellerId"":""83854356""}",Success
"{""sellerId"":""83854740""}",Success
"{""sellerId"":""83854324""}",Success
"{""sellerId"":""83850994""}",Success
"{""sellerId"":""83850774""}",Success
"{""sellerId"":""83848423""}",Success
"{""sellerId"":""83860597""}",Success
"{""sellerId"":""83852930""}",Success
"{""sellerId"":""83848591""}",Success
"{""sellerId"":""83849236""}",Success
"{""sellerId"":""83862790""}",Success
"{""sellerId"":""83851354""}",Success
"{""sellerId"":""83857269""}",Success
"{""sellerId"":""83850700""}",Success
"{""sellerId"":""12380540955""}",Success
"{""sellerId"":""83859459""}",Success
"{""sellerId"":""83850907""}",Success
"{""sellerId"":""83853057""}",Success
"{""sellerId"":""83857217""}",Success
"{""sellerId"":""83849835""}",Success
"{""sellerId"":""83850761""}",Success
"{""sellerId"":""83851296""}",Success
"{""sellerId"":""83854356""}",Success
"{""sellerId"":""83850840""}",Success
"{""sellerId"":""83848126""}",Success
"{""sellerId"":""83847866""}",Success
"{""sellerId"":""83851851""}",Success
"{""sellerId"":""83853733""}",Success
"{""sellerId"":""83855079""}",Success
"{""sellerId"":""83859929""}",Success
"{""sellerId"":""83855218""}",Success
"{""sellerId"":""83848210""}",Success
"{""sellerId"":""83853047""}",Success
"{""sellerId"":""83858119""}",Success
"{""sellerId"":""83862980""}",Success
"{""sellerId"":""83854324""}",Success
"{""sellerId"":""83870512""}",Success
"{""sellerId"":""83866745""}",Success
"{""sellerId"":""83863033""}",Success
"{""sellerId"":""83850774""}",Success
"{""sellerId"":""83859874""}",Success
"{""sellerId"":""83848172""}",Success
"{""sellerId"":""83852490""}",Success
"{""sellerId"":""83848385""}",Success
"{""sellerId"":""83850318""}",Success
"{""sellerId"":""83855507""}",Success
"{""sellerId"":""83850936""}",Success
"{""sellerId"":""83849641""}",Success
"{""sellerId"":""83861032""}",Success
"{""sellerId"":""83849820""}",Success
"{""sellerId"":""83850744""}",Success
"{""sellerId"":""83865561""}",Success
"{""sellerId"":""83849966""}",Success
"{""sellerId"":""83848660""}",Success
"{""sellerId"":""83849458""}",Success
"{""sellerId"":""83849552""}",Success
"{""sellerId"":""83866017""}",Success
"{""sellerId"":""83849365""}",Success
"{""sellerId"":""83850943""}",Success
"{""sellerId"":""83851474""}",Success
"{""sellerId"":""83857049""}",Success
"{""sellerId"":""83849645""}",Success
"{""sellerId"":""83850797""}",Success
"{""sellerId"":""83848644""}",Success
"{""sellerId"":""83854967""}",Success
"{""sellerId"":""83846447""}",Success
"{""sellerId"":""83846634""}",Success
"{""sellerId"":""83849026""}",Success
"{""sellerId"":""83849614""}",Success
"{""sellerId"":""83848303""}",Success
"{""sellerId"":""83849903""}",Success
"{""sellerId"":""19083884524""}",Success
"{""sellerId"":""18383870595""}",Success
"{""sellerId"":""17283852061""}",Success
"{""sellerId"":""17483849993""}",Success
"{""sellerId"":""19883857104""}",Success
"{""sellerId"":""19883855797""}",Success
"{""sellerId"":""83855797""}",Success
"{""sellerId"":""10ik83""}",Success
"{""sellerId"":""17683859779""}",Success
"{""sellerId"":""16383851569""}",Success
"{""sellerId"":""83867797""}",Success
"{""sellerId"":""17883867797""}",Success
"{""sellerId"":""10gk2s""}",Success
"{""sellerId"":""83857833""}",Success
"{""sellerId"":""13183857833""}",Success
"{""sellerId"":""10i6iu""}",Success
"{""sellerId"":""13783854688""}",Success
"{""sellerId"":""13783854688""}",Success
"{""sellerId"":""13783854688""}",Success
"{""sellerId"":""13783854688""}",Success
"{""sellerId"":""13783854688""}",Success
"{""sellerId"":""13783854688""}",Success
"{""sellerId"":""15883852425""}",Success
"{""sellerId"":""10jsux""}",Success
"{""sellerId"":""83852425""}",Success
"{""sellerId"":""83860872""}",Success
"{""sellerId"":""10iv09""}",Success
"{""sellerId"":""10izs5""}",Success
"{""sellerId"":""83874382""}",Success
"{""sellerId"":""83868328""}",Success
"{""sellerId"":""10gk2z""}",Success
"{""sellerId"":""10383850520""}",Success
"{""sellerId"":""83850520""}",Success
"{""sellerId"":""17883889668""}",Success
"{""sellerId"":""10ktdu""}",Success
"{""sellerId"":""83873362""}",Success
"{""sellerId"":""19983889606""}",Success
"{""sellerId"":""13083868424""}",Success
"{""sellerId"":""83868424""}",Success
"{""sellerId"":""10gukk""}",Success
"{""sellerId"":""18783883291""}",Success
"{""sellerId"":""83863390""}",Success
"{""sellerId"":""10ibzu""}",Success
"{""sellerId"":""19183849542""}",Success
"{""sellerId"":""83849542""}",Success
"{""sellerId"":""10ju5q""}",Success
"{""sellerId"":""83850922""}",Success
"{""sellerId"":""10xqi4""}",Success
"{""sellerId"":""12983856835""}",Success
"{""sellerId"":""83856835""}",Success
"{""sellerId"":""10hip6""}",Success
"{""sellerId"":""81280983""}",Success
"{""sellerId"":""10gvz6""}",Success
"{""sellerId"":""p3943D81280983""}",Success
"{""sellerId"":""11183850936""}",Success
"{""sellerId"":""83850936""}",Success
"{""sellerId"":""10iaxj""}",Success
"{""sellerId"":""17483856395""}",Success
"{""sellerId"":""83865335""}",Success
"{""sellerId"":""10g8v5""}",Success
"{""sellerId"":""18383865335""}",Success
"{""sellerId"":""10s0lf""}",Success
"{""sellerId"":""83857125""}",Success
"{""sellerId"":""14583885604""}",Success
"{""sellerId"":""10m5qj""}",Success
"{""sellerId"":""83176234""}",Success
"{""sellerId"":""18783848460""}",Success
"{""sellerId"":""18583870678""}",Success
"{""sellerId"":""83870678""}",Success
"{""sellerId"":""10hell""}",Success
"{""sellerId"":""10hb5y""}",Success
"{""sellerId"":""83857009""}",Success
"{""sellerId"":""83858202""}",Success
"{""sellerId"":""10ghg0""}",Success
"{""sellerId"":""10gh1z""}",Success
"{""sellerId"":""12383849820""}",Success
"{""sellerId"":""83849820""}",Success
"{""sellerId"":""15083864958""}",Success
"{""sellerId"":""10lf0t""}",Success
"{""sellerId"":""83864958""}",Success
"{""sellerId"":""10hip9""}",Success
"{""sellerId"":""83859459""}",Success
"{""sellerId"":""16383887004""}",Success
"{""sellerId"":""83859911""}",Success
"{""sellerId"":""16983897256""}",Success
"{""sellerId"":""15283869128""}",Success
"{""sellerId"":""10lxhk""}",Success
"{""sellerId"":""83862152""}",Success
"{""sellerId"":""83874465""}",Success
"{""sellerId"":""10h5mi""}",Success
"{""sellerId"":""16483874465""}",Success
"{""sellerId"":""18783883291""}",Success
"{""sellerId"":""10kzhm""}",Success
"{""sellerId"":""83868825""}",Success
"{""sellerId"":""12183880487""}",Success
"{""sellerId"":""12183880487""}",Success
"{""sellerId"":""13970383200""}",Success
"{""sellerId"":""18383880362""}",Success
"{""sellerId"":""10hyjw""}",Success
"{""sellerId"":""83868473""}",Success
"{""sellerId"":""10i5w4""}",Success
"{""sellerId"":""83862641""}",Success
"{""sellerId"":""12583866616""}",Success
"{""sellerId"":""10mimw""}",Success
"{""sellerId"":""83879952""}",Success
"{""sellerId"":""10583849577""}",Success
"{""sellerId"":""83857049""}",Success
"{""sellerId"":""11083857049""}",Success
"{""sellerId"":""10hatz""}",Success
"{""sellerId"":""83870321""}",Success
"{""sellerId"":""10g91p""}",Success
"{""sellerId"":""83850700""}",Success
"{""sellerId"":""10iz9f""}",Success
"{""sellerId"":""19583850700""}",Success
"{""sellerId"":""57369341""}",Success
"{""sellerId"":""10yb4s""}",Success
"{""sellerId"":""83852328""}",Success
"{""sellerId"":""10vzkr""}",Success
"{""sellerId"":""18083852328""}",Success
"{""sellerId"":""15783858376""}",Success
"{""sellerId"":""10h9px""}",Success
"{""sellerId"":""83858376""}",Success
"{""sellerId"":""16483848521""}",Success
"{""sellerId"":""10jec9""}",Success
"{""sellerId"":""17683847866""}",Success
"{""sellerId"":""83847866""}",Success
"{""sellerId"":""83882831""}",Success
"{""sellerId"":""10qw7e""}",Success
"{""sellerId"":""10yaia""}",Success
"{""sellerId"":""14683880232""}",Success
"{""sellerId"":""83880232""}",Success
"{""sellerId"":""10w35k""}",Success
"{""sellerId"":""67248932""}",Success
"{""sellerId"":""83885104""}",Success
"{""sellerId"":""10m0xn""}",Success
"{""sellerId"":""15283847863""}",Success
"{""sellerId"":""14983850718""}",Success
"{""sellerId"":""10215524190""}",Success
"{""sellerId"":""83872044""}",Success
"{""sellerId"":""10iiep""}",Success
"{""sellerId"":""16783872044""}",Success
"{""sellerId"":""10j9wj""}",Success
"{""sellerId"":""83876644""}",Success
"{""sellerId"":""83859829""}",Success
"{""sellerId"":""p9976D83859829""}",Success
"{""sellerId"":""10xr81""}",Success
"{""sellerId"":""83865111""}",Success
"{""sellerId"":""10gjrd""}",Success
"{""sellerId"":""18483865111""}",Success
"{""sellerId"":""10xr13""}",Success
"{""sellerId"":""83857561""}",Success
"{""sellerId"":""83869754""}",Success
"{""sellerId"":""10iv86""}",Success
"{""sellerId"":""83868840""}",Success
"{""sellerId"":""10j49f""}",Success
"{""sellerId"":""16583868840""}",Success
"{""sellerId"":""10kyxi""}",Success
"{""sellerId"":""11583857217""}",Success
"{""sellerId"":""83857217""}",Success
"{""sellerId"":""13883861016""}",Success
"{""sellerId"":""14283850189""}",Success
"{""sellerId"":""83850189""}",Success
"{""sellerId"":""10gi9j""}",Success
"{""sellerId"":""83850352""}",Success
"{""sellerId"":""19983850352""}",Success
"{""sellerId"":""10g564""}",Success
"{""sellerId"":""11583883633""}",Success
"{""sellerId"":""11883880013""}",Success
"{""sellerId"":""13183870586""}",Success
"{""sellerId"":""83870586""}",Success
"{""sellerId"":""10io17""}",Success
"{""sellerId"":""10kfwq""}",Success
"{""sellerId"":""83867161""}",Success
"{""sellerId"":""10lfww""}",Success
"{""sellerId"":""19583848126""}",Success
"{""sellerId"":""83848126""}",Success
"{""sellerId"":""13583894097""}",Success
"{""sellerId"":""16883889787""}",Success
"{""sellerId"":""17383891519""}",Success
"{""sellerId"":""14483885641""}",Success
"{""sellerId"":""83887115""}",Success
"{""sellerId"":""10l2lc""}",Success
"{""sellerId"":""18183865904""}",Success
"{""sellerId"":""17083889707""}",Success
"{""sellerId"":""18083884409""}",Success
"{""sellerId"":""83870249""}",Success
"{""sellerId"":""10iiyg""}",Success
"{""sellerId"":""14083859516""}",Success
"{""sellerId"":""83870928""}",Success
"{""sellerId"":""10iu1n""}",Success
"{""sellerId"":""11683888744""}",Success
"{""sellerId"":""10483864307""}",Success
"{""sellerId"":""10howw""}",Success
"{""sellerId"":""83865710""}",Success
"{""sellerId"":""12483851296""}",Success
"{""sellerId"":""17683865268""}",Success
"{""sellerId"":""11983891273""}",Success
"{""sellerId"":""12583849639""}",Success
"{""sellerId"":""15283876869""}",Success
"{""sellerId"":""18383887087""}",Success
"{""sellerId"":""10hfkh""}",Success
"{""sellerId"":""83866025""}",Success
"{""sellerId"":""15383858270""}",Success
"{""sellerId"":""16383854740""}",Success
"{""sellerId"":""13683856620""}",Success
"{""sellerId"":""83856644""}",Success
"{""sellerId"":""10s0l3""}",Success
"{""sellerId"":""17483857243""}",Success
"{""sellerId"":""15883901472""}",Success
"{""sellerId"":""13683890702""}",Success
"{""sellerId"":""17383876280""}",Success
"{""sellerId"":""18283865476""}",Success
"{""sellerId"":""17183894258""}",Success
"{""sellerId"":""15483858221""}",Success
"{""sellerId"":""15383848681""}",Success
"{""sellerId"":""16083854356""}",Success
"{""sellerId"":""10tm3s""}",Success
"{""sellerId"":""83868357""}",Success
"{""sellerId"":""83882071""}",Success
"{""sellerId"":""10txny""}",Success
"{""sellerId"":""11783848730""}",Success
"{""sellerId"":""10k7ut""}",Success
"{""sellerId"":""83870441""}",Success
"{""sellerId"":""19583895558""}",Success
"{""sellerId"":""10jeby""}",Success
"{""sellerId"":""30367809""}",Success
"{""sellerId"":""11983891273""}",Success
"{""sellerId"":""19083876470""}",Success
"{""sellerId"":""12783895764""}",Success
"{""sellerId"":""10jc8i""}",Success
"{""sellerId"":""67627509""}",Success
"{""sellerId"":""83864203""}",Success
"{""sellerId"":""10ib2t""}",Success
"{""sellerId"":""83872061""}",Success
"{""sellerId"":""10id4a""}",Success
"{""sellerId"":""11783893821""}",Success
"{""sellerId"":""16283850997""}",Success
"{""sellerId"":""10jol9""}",Success
"{""sellerId"":""83865969""}",Success
"{""sellerId"":""10ue0q""}",Success
"{""sellerId"":""83868535""}",Success
"{""sellerId"":""12583879634""}",Success
"{""sellerId"":""10083875512""}",Success
"{""sellerId"":""10883878734""}",Success
"{""sellerId"":""16483905205""}",Success
"{""sellerId"":""18283865476""}",Success
"{""sellerId"":""19383863202""}",Success
"{""sellerId"":""83881865""}",Success
"{""sellerId"":""10jkps""}",Success
"{""sellerId"":""10817230102""}",Success
"{""sellerId"":""19483850850""}",Success
"{""sellerId"":""17783889622""}",Success
"{""sellerId"":""16783850504""}",Success
"{""sellerId"":""83870440""}",Success
"{""sellerId"":""10jc1g""}",Success
"{""sellerId"":""10283890325""}",Success
"{""sellerId"":""15983862690""}",Success
"{""sellerId"":""19983906212""}",Success
"{""sellerId"":""83883563""}",Success
"{""sellerId"":""10m0y3""}",Success
"{""sellerId"":""10iz16""}",Success
"{""sellerId"":""83874993""}",Success
"{""sellerId"":""15383887367""}",Success
"{""sellerId"":""13339195681""}",Success
"{""sellerId"":""10sukc""}",Success
"{""sellerId"":""42850241""}",Success
"{""sellerId"":""16683887533""}",Success
"{""sellerId"":""83852694""}",Success
"{""sellerId"":""10i4px""}",Success
"{""sellerId"":""10txnk""}",Success
"{""sellerId"":""83882399""}",Success
"{""sellerId"":""83864168""}",Success
"{""sellerId"":""10huo9""}",Success
"{""sellerId"":""15183891891""}",Success
"{""sellerId"":""10m1pi""}",Success
"{""sellerId"":""83875428""}",Success
"{""sellerId"":""10883860570""}",Success
"{""sellerId"":""11083870666""}",Success
"{""sellerId"":""16083869298""}",Success
"{""sellerId"":""18584866""}",Success
"{""sellerId"":""10gp7g""}",Success
"{""sellerId"":""19483850850""}",Success
"{""sellerId"":""83850616""}",Success
"{""sellerId"":""10w4gy""}",Success
"{""sellerId"":""17683898544""}",Success
"{""sellerId"":""10qcm2""}",Success
"{""sellerId"":""83867877""}",Success
"{""sellerId"":""14083885419""}",Success
"{""sellerId"":""10xqhs""}",Success
"{""sellerId"":""83852654""}",Success
"{""sellerId"":""83860797""}",Success
"{""sellerId"":""10l60i""}",Success
"{""sellerId"":""18483851669""}",Success
"{""sellerId"":""10183857237""}",Success
"{""sellerId"":""83864284""}",Success
"{""sellerId"":""10mfjh""}",Success
"{""sellerId"":""15483873425""}",Success
"{""sellerId"":""16483858628""}",Success
"{""sellerId"":""11083881506""}",Success
"{""sellerId"":""10rj23""}",Success
"{""sellerId"":""70261621""}",Success
"{""sellerId"":""83866016""}",Success
"{""sellerId"":""10j6qy""}",Success
"{""sellerId"":""13283864375""}",Success
"{""sellerId"":""13783888799""}",Success
"{""sellerId"":""10683869571""}",Success
"{""sellerId"":""10jhm6""}",Success
"{""sellerId"":""83879205""}",Success
"{""sellerId"":""14683876663""}",Success
"{""sellerId"":""13583852629""}",Success
"{""sellerId"":""17083859117""}",Success
"{""sellerId"":""10jcm3""}",Success
"{""sellerId"":""83874127""}",Success
"{""sellerId"":""19483850850""}",Success
"{""sellerId"":""17283864278""}",Success
"{""sellerId"":""83857269""}",Success
"{""sellerId"":""10jsvl""}",Success
"{""sellerId"":""83863102""}",Success
"{""sellerId"":""10if69""}",Success
"{""sellerId"":""67219856""}",Success
"{""sellerId"":""10m9cf""}",Success
"{""sellerId"":""16683894311""}",Success
"{""sellerId"":""83812140""}",Success
"{""sellerId"":""10nkf5""}",Success
"{""sellerId"":""15883872853""}",Success
"{""sellerId"":""15883872853""}",Success
"{""sellerId"":""15883872853""}",Success
"{""sellerId"":""15883872853""}",Success
"{""sellerId"":""15883872853""}",Success
"{""sellerId"":""15883872853""}",Success
"{""sellerId"":""15883872853""}",Success
"{""sellerId"":""15883872853""}",Success
"{""sellerId"":""19183876768""}",Success
"{""sellerId"":""15883872853""}",Success
"{""sellerId"":""13783854688""}",Success
"{""sellerId"":""15883872853""}",Success
"{""sellerId"":""15883872853""}",Success
"{""sellerId"":""15883872853""}",Success
"{""sellerId"":""15883872853""}",Success
"{""sellerId"":""15883872853""}",Success
"{""sellerId"":""19383880912""}",Success
"{""sellerId"":""18283860817""}",Success
"{""sellerId"":""15883872853""}",Success
"{""sellerId"":""13883877697""}",Success
"{""sellerId"":""15883872853""}",Success
"{""sellerId"":""15883872853""}",Success
"{""sellerId"":""15883872853""}",Success
"{""sellerId"":""15883872853""}",Success
"{""sellerId"":""15883872853""}",Success
"{""sellerId"":""15883872853""}",Success
"{""sellerId"":""13583848118""}",Success
"{""sellerId"":""18183874744""}",Success
"{""sellerId"":""13583873360""}",Success
"{""sellerId"":""16683882456""}",Success
"{""sellerId"":""11383850913""}",Success
"{""sellerId"":""83852074""}",Success
"{""sellerId"":""10xqg1""}",Success
"{""sellerId"":""19183870290""}",Success
"{""sellerId"":""16783870464""}",Success
"{""sellerId"":""15983850359""}",Success
"{""sellerId"":""12683850867""}",Success
"{""sellerId"":""56368513""}",Success
"{""sellerId"":""12583871478""}",Success
"{""sellerId"":""17083849967""}",Success
"{""sellerId"":""17783853733""}",Success
"{""sellerId"":""11383854390""}",Success
"{""sellerId"":""10883850238""}",Success
"{""sellerId"":""11883853057""}",Success
"{""sellerId"":""10083846540""}",Success
"{""sellerId"":""14283856855""}",Success
"{""sellerId"":""14383890593""}",Success
"{""sellerId"":""10mhi9""}",Success
"{""sellerId"":""83850288""}",Success
"{""sellerId"":""16783870464""}",Success
"{""sellerId"":""11583859929""}",Success
"{""sellerId"":""13383855760""}",Success
"{""sellerId"":""19683846447""}",Success
"{""sellerId"":""17483875605""}",Success
"{""sellerId"":""16483858710""}",Success
"{""sellerId"":""10583877583""}",Success
"{""sellerId"":""11283848570""}",Success
"{""sellerId"":""18883848193""}",Success
"{""sellerId"":""17583849628""}",Success
"{""sellerId"":""14583848210""}",Success
"{""sellerId"":""10683848028""}",Success
"{""sellerId"":""14283856855""}",Success
"{""sellerId"":""14383876687""}",Success
"{""sellerId"":""13283876286""}",Success
"{""sellerId"":""18883851474""}",Success
"{""sellerId"":""14183850728""}",Success
"{""sellerId"":""p9709C83864106""}",Success
"{""sellerId"":""18083860663""}",Success
"{""sellerId"":""17483869512""}",Success
"{""sellerId"":""16683879972""}",Success
"{""sellerId"":""17183846717""}",Success
"{""sellerId"":""14683850105""}",Success
"{""sellerId"":""16883868794""}",Success
"{""sellerId"":""19522998634""}",Success
"{""sellerId"":""11483861259""}",Success
"{""sellerId"":""p0043R83864415""}",Success
"{""sellerId"":""12383859508""}",Success
"{""sellerId"":""10luez""}",Success
"{""sellerId"":""83881191""}",Success
"{""sellerId"":""19583862223""}",Success
"{""sellerId"":""18583878070""}",Success
"{""sellerId"":""14183850728""}",Success
"{""sellerId"":""15683851306""}",Success
"{""sellerId"":""16683848326""}",Success
"{""sellerId"":""19383854403""}",Success
"{""sellerId"":""18283848782""}",Success
"{""sellerId"":""14983849008""}",Success
"{""sellerId"":""18983878805""}",Success
"{""sellerId"":""19983887237""}",Success
"{""sellerId"":""13383855760""}",Success
"{""sellerId"":""17783853733""}",Success
"{""sellerId"":""19483878717""}",Success
"{""sellerId"":""17583850907""}",Success
"{""sellerId"":""17383877796""}",Success
"{""sellerId"":""13683848022""}",Success
"{""sellerId"":""11483856782""}",Success
"{""sellerId"":""19183869447""}",Success
"{""sellerId"":""14083873214""}",Success
"{""sellerId"":""p6187R83863963""}",Success
"{""sellerId"":""15283867995""}",Success
"{""sellerId"":""18583870321""}",Success
"{""sellerId"":""15583876644""}",Success
"{""sellerId"":""14283888460""}",Success
"{""sellerId"":""18683862641""}",Success
"{""sellerId"":""12483864501""}",Success
"{""sellerId"":""12483879952""}",Success
"{""sellerId"":""10583868328""}",Success
"{""sellerId"":""83856835""}",Success
"{""sellerId"":""16483874465""}",Success
"{""sellerId"":""13083877398""}",Success
"{""sellerId"":""15883872981""}",Success
"{""sellerId"":""10183869116""}",Success
"{""sellerId"":""15883872853""}",Success
"{""sellerId"":""15883872853""}",Success
"{""sellerId"":""13783854688""}",Success
"{""sellerId"":""13783854688""}",Success
"{""sellerId"":""10083899489""}",Success
"{""sellerId"":""18283859718""}",Success
"{""sellerId"":""11883847922""}",Success
"{""sellerId"":""16583870686""}",Success
"{""sellerId"":""19942146437""}",Success
"{""sellerId"":""18183874744""}",Success
"{""sellerId"":""16583870686""}",Success
"{""sellerId"":""15983848137""}",Success
"{""sellerId"":""18759147123""}",Success
"{""sellerId"":""15783865210""}",Success
"{""sellerId"":""13983878999""}",Success
"{""sellerId"":""17883876205""}",Success
"{""sellerId"":""11983891273""}",Success
"{""sellerId"":""16683864840""}",Success
"{""sellerId"":""10083860716""}",Success
"{""sellerId"":""12383894914""}",Success
"{""sellerId"":""10083850318""}",Success
"{""sellerId"":""18683849571""}",Success
"{""sellerId"":""18283860817""}",Success
"{""sellerId"":""18283865476""}",Success
"{""sellerId"":""14583861990""}",Success
"{""sellerId"":""15483850991""}",Success
"{""sellerId"":""14383867152""}",Success
"{""sellerId"":""11183868473""}",Success
"{""sellerId"":""18283874382""}",Success
"{""sellerId"":""19383870675""}",Success
"{""sellerId"":""10283887208""}",Success
"{""sellerId"":""13083877398""}",Success
"{""sellerId"":""19683879100""}",Success
"{""sellerId"":""13776275814""}",Success
"{""sellerId"":""11383855067""}",Success
"{""sellerId"":""16083858202""}",Success
"{""sellerId"":""10083899489""}",Success
"{""sellerId"":""14483852074""}",Success
"{""sellerId"":""11183868473""}",Success
"{""sellerId"":""14683870827""}",Success
"{""sellerId"":""13883873227""}",Success
"{""sellerId"":""19942146437""}",Success
"{""sellerId"":""13983878999""}",Success
"{""sellerId"":""15883872981""}",Success
"{""sellerId"":""18283859718""}",Success
"{""sellerId"":""15783865210""}",Success
"{""sellerId"":""18612867538""}",Success
"{""sellerId"":""19183881191""}",Success
"{""sellerId"":""15483850991""}",Success
"{""sellerId"":""18283865476""}",Success
"{""sellerId"":""10083860716""}",Success
"{""sellerId"":""13183877140""}",Success
"{""sellerId"":""11683878598""}",Success
"{""sellerId"":""12383894914""}",Success
"{""sellerId"":""14683850288""}",Success
"{""sellerId"":""16683864840""}",Success
"{""sellerId"":""14083885458""}",Success
"{""sellerId"":""18683849571""}",Success
"{""sellerId"":""15883872853""}",Success
"{""sellerId"":""15883872853""}",Success
"{""sellerId"":""16583870686""}",Success
"{""sellerId"":""13783854688""}",Success
"{""sellerId"":""10183869116""}",Success
"{""sellerId"":""15883861238""}",Success
"{""sellerId"":""11983891273""}",Success
"{""sellerId"":""16083882831""}",Success
"{""sellerId"":""17883876205""}",Success
"{""sellerId"":""18183874744""}",Success
"{""sellerId"":""13783854688""}",Success
"{""sellerId"":""12783871416""}",Success
"{""sellerId"":""15983848137""}",Success
"{""sellerId"":""18759147123""}",Success
"{""sellerId"":""14583861990""}",Success
"{""sellerId"":""17583850407""}",Success
"{""sellerId"":""18283874382""}",Success
"{""sellerId"":""14383867152""}",Success
"{""sellerId"":""07283869211""}",Success
"{""sellerId"":""09483860820""}",Success
"{""sellerId"":""07883869543""}",Success
"{""sellerId"":""02783880029""}",Success
"{""sellerId"":""02783880029""}",Success
"{""sellerId"":""00283849282""}",Success
"{""sellerId"":""13583848118""}",Success
"{""sellerId"":""04383863317""}",Success
"{""sellerId"":""06783855171""}",Success
"{""sellerId"":""01783859995""}",Success
"{""sellerId"":""01062298293""}",Success
"{""sellerId"":""01683904356""}",Success
"{""sellerId"":""04583849459""}",Success
"{""sellerId"":""04883873093""}",Success
"{""sellerId"":""04383857119""}",Success
"{""sellerId"":""05183861263""}",Success
"{""sellerId"":""00883857296""}",Success
"{""sellerId"":""08083864464""}",Success
"{""sellerId"":""04683849307""}",Success
"{""sellerId"":""05483850441""}",Success
"{""sellerId"":""08483846473""}",Success
"{""sellerId"":""06283906155""}",Success
"{""sellerId"":""03683909595""}",Success
"{""sellerId"":""01183887088""}",Success
"{""sellerId"":""00683886967""}",Success
"{""sellerId"":""04083859703""}",Success
"{""sellerId"":""04283852004""}",Success
"{""sellerId"":""00583846494""}",Success
"{""sellerId"":""08683885040""}",Success
"{""sellerId"":""05583880280""}",Success
"{""sellerId"":""00283874334""}",Success
"{""sellerId"":""09983849083""}",Success
"{""sellerId"":""05683910409""}",Success
"{""sellerId"":""01783866053""}",Success
"{""sellerId"":""03083866550""}",Success
"{""sellerId"":""00383864932""}",Success
"{""sellerId"":""08183870720""}",Success
"{""sellerId"":""05683867599""}",Success
"{""sellerId"":""07783850304""}",Success
"{""sellerId"":""05543869685""}",Success
"{""sellerId"":""07583848218""}",Success
"{""sellerId"":""06083854766""}",Success
"{""sellerId"":""04483849637""}",Success
"{""sellerId"":""07383889169""}",Success
"{""sellerId"":""09983852721""}",Success
"{""sellerId"":""08683867408""}",Success
"{""sellerId"":""02483890077""}",Success
"{""sellerId"":""07183904944""}",Success
"{""sellerId"":""01383911803""}",Success
"{""sellerId"":""02783846050""}",Success
"{""sellerId"":""05183852996""}",Success
"{""sellerId"":""00183900822""}",Success
"{""sellerId"":""13583848118""}",Success
"{""sellerId"":""08683877313""}",Success
"{""sellerId"":""00182110311""}",Success
"{""sellerId"":""01383911803""}",Success
"{""sellerId"":""06083855156""}",Success
"{""sellerId"":""04083889773""}",Success
"{""sellerId"":""06483895839""}",Success
"{""sellerId"":""01583846286""}",Success
"{""sellerId"":""05983889703""}",Success
"{""sellerId"":""08483873424""}",Success
"{""sellerId"":""04683850157""}",Success
"{""sellerId"":""01883849905""}",Success
"{""sellerId"":""09583849591""}",Success
"{""sellerId"":""06183858041""}",Success
"{""sellerId"":""08683861005""}",Success
"{""sellerId"":""03483864904""}",Success
"{""sellerId"":""05083883334""}",Success
"{""sellerId"":""06383848594""}",Success
"{""sellerId"":""05883850906""}",Success
"{""sellerId"":""09083900901""}",Success
"{""sellerId"":""06283876872""}",Success
"{""sellerId"":""04083863386""}",Success
"{""sellerId"":""00183850802""}",Success
"{""sellerId"":""00783854932""}",Success
"{""sellerId"":""00083878404""}",Success
"{""sellerId"":""03583870592""}",Success
"{""sellerId"":""08283875442""}",Success
"{""sellerId"":""09883850803""}",Success
"{""sellerId"":""03369461420""}",Success
"{""sellerId"":""07383849915""}",Success
"{""sellerId"":""01083881901""}",Success
"{""sellerId"":""06183860751""}",Success
"{""sellerId"":""07783872762""}",Success
"{""sellerId"":""02758990603""}",Success
"{""sellerId"":""08083865665""}",Success
"{""sellerId"":""02083860305""}",Success
"{""sellerId"":""08083850703""}",Success
"{""sellerId"":""09883851480""}",Success
"{""sellerId"":""03851777201""}",Success
"{""sellerId"":""01579098883""}",Success
"{""sellerId"":""08883848866""}",Success
"{""sellerId"":""09883889722""}",Success
"{""sellerId"":""09283848089""}",Success
"{""sellerId"":""00283900865""}",Success
"{""sellerId"":""00183850880""}",Success
"{""sellerId"":""09183854416""}",Success
"{""sellerId"":""11883847922""}",Success
"{""sellerId"":""01183870167""}",Success
"{""sellerId"":""00383850610""}",Success
"{""sellerId"":""05683854180""}",Success
"{""sellerId"":""09783891333""}",Success
"{""sellerId"":""03883855427""}",Success
"{""sellerId"":""05283876749""}",Success
"{""sellerId"":""02383867606""}",Success
"{""sellerId"":""08783860804""}",Success
"{""sellerId"":""04283867615""}",Success
"{""sellerId"":""00283907060""}",Success
"{""sellerId"":""06783876569""}",Success
"{""sellerId"":""02583884776""}",Success
"{""sellerId"":""04683848528""}",Success
"{""sellerId"":""04483856656""}",Success
"{""sellerId"":""08283884042""}",Success
"{""sellerId"":""04383885318""}",Success
"{""sellerId"":""00183887527""}",Success
"{""sellerId"":""05083911470""}",Success
"{""sellerId"":""03683874060""}",Success
"{""sellerId"":""00683865625""}",Success
"{""sellerId"":""00683900142""}",Success
"{""sellerId"":""06583861420""}",Success
"{""sellerId"":""00783857830""}",Success
"{""sellerId"":""03283879546""}",Success
"{""sellerId"":""03183865687""}",Success
"{""sellerId"":""05683848387""}",Success
"{""sellerId"":""06583890415""}",Success
"{""sellerId"":""02683882596""}",Success
"{""sellerId"":""00383850588""}",Success
"{""sellerId"":""08183901382""}",Success
"{""sellerId"":""02083848129""}",Success
"{""sellerId"":""07783889180""}",Success
"{""sellerId"":""04783863302""}",Success
"{""sellerId"":""08183864994""}",Success
"{""sellerId"":""08483852639""}",Success
"{""sellerId"":""00683854771""}",Success
"{""sellerId"":""01283889731""}",Success
"{""sellerId"":""08283874404""}",Success
"{""sellerId"":""04183856967""}",Success
"{""sellerId"":""03983871378""}",Success
"{""sellerId"":""03783858309""}",Success
"{""sellerId"":""01883850281""}",Success
"{""sellerId"":""00983849429""}",Success
"{""sellerId"":""08883859862""}",Success
"{""sellerId"":""03783907057""}",Success
"{""sellerId"":""02483879002""}",Success
"{""sellerId"":""04183848580""}",Success
"{""sellerId"":""06378338582""}",Success
"{""sellerId"":""03083855428""}",Success
"{""sellerId"":""00083867009""}",Success
"{""sellerId"":""08583912316""}",Success
"{""sellerId"":""02869613916""}",Success
"{""sellerId"":""05883851032""}",Success
"{""sellerId"":""09183890942""}",Success
"{""sellerId"":""01183861378""}",Success
"{""sellerId"":""04550656855""}",Success
"{""sellerId"":""02483860591""}",Success
"{""sellerId"":""03883863458""}",Success
"{""sellerId"":""06983858508""}",Success
"{""sellerId"":""00183896666""}",Success
"{""sellerId"":""14583896577""}",Success
"{""sellerId"":""06583898623""}",Success
"{""sellerId"":""02883892154""}",Success
"{""sellerId"":""09983856829""}",Success
"{""sellerId"":""08783880081""}",Success
"{""sellerId"":""08683894567""}",Success
"{""sellerId"":""04483854793""}",Success
"{""sellerId"":""06883868369""}",Success
"{""sellerId"":""05383851151""}",Success
"{""sellerId"":""04283850868""}",Success
"{""sellerId"":""03183850847""}",Success
"{""sellerId"":""04237446733""}",Success
"{""sellerId"":""00183877650""}",Success
"{""sellerId"":""02471807001""}",Success
"{""sellerId"":""02583884773""}",Success
"{""sellerId"":""04683863623""}",Success
"{""sellerId"":""02583848334""}",Success
"{""sellerId"":""04783889971""}",Success
"{""sellerId"":""00883912820""}",Success
"{""sellerId"":""00083871086""}",Success
"{""sellerId"":""01883894638""}",Success
"{""sellerId"":""06983854419""}",Success
"{""sellerId"":""01683852845""}",Success
"{""sellerId"":""18283860817""}",Success
"{""sellerId"":""00383862049""}",Success
"{""sellerId"":""00983889788""}",Success
"{""sellerId"":""06183849523""}",Success
"{""sellerId"":""00183896966""}",Success
"{""sellerId"":""06083854269""}",Success
"{""sellerId"":""01083894518""}",Success
"{""sellerId"":""01483853698""}",Success
"{""sellerId"":""01183879510""}",Success
"{""sellerId"":""08473836347""}",Success
"{""sellerId"":""04483848015""}",Success
"{""sellerId"":""07283850315""}",Success
"{""sellerId"":""04583889104""}",Success
"{""sellerId"":""07983872784""}",Success
"{""sellerId"":""01283865106""}",Success
"{""sellerId"":""04283848532""}",Success
"{""sellerId"":""01210934362""}",Success
"{""sellerId"":""01983857469""}",Success
"{""sellerId"":""03583901276""}",Success
"{""sellerId"":""07283869211""}",Success
"{""sellerId"":""06514856306""}",Success
"{""sellerId"":""05583899820""}",Success
"{""sellerId"":""06383869613""}",Success
"{""sellerId"":""05167040517""}",Success
"{""sellerId"":""09583891883""}",Success
"{""sellerId"":""07683871286""}",Success
"{""sellerId"":""01183852657""}",Success
"{""sellerId"":""04683905409""}",Success
"{""sellerId"":""08283870559""}",Success
"{""sellerId"":""06083867121""}",Success
"{""sellerId"":""03183862956""}",Success
"{""sellerId"":""08583862149""}",Success
"{""sellerId"":""03083849311""}",Success
"{""sellerId"":""08283880935""}",Success
"{""sellerId"":""03183903980""}",Success
"{""sellerId"":""02683891682""}",Success
"{""sellerId"":""09983889552""}",Success
"{""sellerId"":""05383875843""}",Success
"{""sellerId"":""00183890164""}",Success
"{""sellerId"":""00583849582""}",Success
"{""sellerId"":""08783864403""}",Success
"{""sellerId"":""06683870726""}",Success
"{""sellerId"":""00683864244""}",Success
"{""sellerId"":""08383848632""}",Success
"{""sellerId"":""00031171853""}",Success
"{""sellerId"":""06983848389""}",Success
"{""sellerId"":""02083896729""}",Success
"{""sellerId"":""03583880528""}",Success
"{""sellerId"":""02283850762""}",Success
"{""sellerId"":""09283848583""}",Success
"{""sellerId"":""00183873461""}",Success
"{""sellerId"":""03683854189""}",Success
"{""sellerId"":""04483904310""}",Success
"{""sellerId"":""05981672949""}",Success
"{""sellerId"":""04683848168""}",Success
"{""sellerId"":""03383869075""}",Success
"{""sellerId"":""04823055310""}",Success
"{""sellerId"":""02283905882""}",Success
"{""sellerId"":""00183849589""}",Success
"{""sellerId"":""02383887478""}",Success
"{""sellerId"":""02483868455""}",Success
"{""sellerId"":""09383854961""}",Success
"{""sellerId"":""13283876286""}",Success
"{""sellerId"":""02083864089""}",Success
"{""sellerId"":""17883901152""}",Success
"{""sellerId"":""09783863749""}",Success
"{""sellerId"":""09783863749""}",Success
"{""sellerId"":""04583856775""}",Success
"{""sellerId"":""09783863749""}",Success
"{""sellerId"":""09783863749""}",Success
"{""sellerId"":""09783863749""}",Success
"{""sellerId"":""09783863749""}",Success
"{""sellerId"":""09783863749""}",Success
"{""sellerId"":""04583856775""}",Success
"{""sellerId"":""09783863749""}",Success
"{""sellerId"":""09783863749""}",Success
"{""sellerId"":""09783863749""}",Success
"{""sellerId"":""04583856775""}",Success
"{""sellerId"":""09783863749""}",Success
"{""sellerId"":""09783863749""}",Success
"{""sellerId"":""09783863749""}",Success
"{""sellerId"":""09783863749""}",Success
"{""sellerId"":""09783863749""}",Success
"{""sellerId"":""04583856775""}",Success
"{""sellerId"":""09783863749""}",Success
"{""sellerId"":""09783863749""}",Success
"{""sellerId"":""09783863749""}",Success
"{""sellerId"":""09783863749""}",Success
"{""sellerId"":""09783863749""}",Success
"{""sellerId"":""09783863749""}",Success
"{""sellerId"":""09783863749""}",Success
"{""sellerId"":""04583856775""}",Success
"{""sellerId"":""09783863749""}",Success
"{""sellerId"":""04583856775""}",Success
"{""sellerId"":""09783863749""}",Success
"{""sellerId"":""04583856775""}",Success
"{""sellerId"":""04583856775""}",Success
"{""sellerId"":""09783863749""}",Success
"{""sellerId"":""09783863749""}",Success
"{""sellerId"":""04583856775""}",Success
"{""sellerId"":""09783863749""}",Success
"{""sellerId"":""09783863749""}",Success
"{""sellerId"":""09783863749""}",Success
"{""sellerId"":""09783863749""}",Success
"{""sellerId"":""09783863749""}",Success
"{""sellerId"":""09783863749""}",Success
"{""sellerId"":""09783863749""}",Success
"{""sellerId"":""09783863749""}",Success
"{""sellerId"":""09783863749""}",Success
"{""sellerId"":""04583856775""}",Success
"{""sellerId"":""09783863749""}",Success
"{""sellerId"":""15383850761""}",Success
"{""sellerId"":""04583856775""}",Success
"{""sellerId"":""04583856775""}",Success
"{""sellerId"":""09783863749""}",Success
"{""sellerId"":""09783863749""}",Success
"{""sellerId"":""09783863749""}",Success
"{""sellerId"":""09783863749""}",Success
"{""sellerId"":""09783863749""}",Success
"{""sellerId"":""09783863749""}",Success
"{""sellerId"":""04583856775""}",Success
"{""sellerId"":""09783863749""}",Success
"{""sellerId"":""09783863749""}",Success
"{""sellerId"":""09783863749""}",Success
"{""sellerId"":""09783863749""}",Success
"{""sellerId"":""09783863749""}",Success
"{""sellerId"":""09783863749""}",Success
"{""sellerId"":""09783863749""}",Success
"{""sellerId"":""04583856775""}",Success
"{""sellerId"":""15783850943""}",Success
"{""sellerId"":""16483870135""}",Success
"{""sellerId"":""04583856775""}",Success
"{""sellerId"":""09783863749""}",Success
"{""sellerId"":""09783863749""}",Success
"{""sellerId"":""09783863749""}",Success
"{""sellerId"":""09783863749""}",Success
"{""sellerId"":""09783863749""}",Success
"{""sellerId"":""09783863749""}",Success
"{""sellerId"":""09783863749""}",Success
"{""sellerId"":""09783863749""}",Success
"{""sellerId"":""09783863749""}",Success
"{""sellerId"":""09783863749""}",Success
"{""sellerId"":""09783863749""}",Success
"{""sellerId"":""16583870686""}",Success
"{""sellerId"":""04356368513""}",Success
"{""sellerId"":""00077520567""}",Success
"{""sellerId"":""19483854233""}",Success
"{""sellerId"":""00350039951""}",Success
"{""sellerId"":""14583855934""}",Success
"{""sellerId"":""13983851361""}",Success
"{""sellerId"":""19083881657""}",Success
"{""sellerId"":""06483862980""}",Success
"{""sellerId"":""17583850765""}",Success
"{""sellerId"":""10083850318""}",Success
"{""sellerId"":""02377416805""}",Success
"{""sellerId"":""13683855833""}",Success
"{""sellerId"":""17783853047""}",Success
"{""sellerId"":""13283855507""}",Success
"{""sellerId"":""11583863033""}",Success
"{""sellerId"":""11383852459""}",Success
"{""sellerId"":""10483852841""}",Success
